title,link
北京历史文化十五讲,北京大学十五讲系列
现代天文学十五讲,北京大学十五讲系列
清史十五讲,北京大学十五讲系列
丝绸之路考古十五讲,北京大学十五讲系列
中国近代史十五讲,北京大学十五讲系列
中国历史十五讲,北京大学十五讲系列
丝路文明十五讲,北京大学十五讲系列
道教文化十五讲（第二版）（名家通识讲座书系）,北京大学十五讲系列
戏剧艺术十五讲,北京大学十五讲系列
中国传统建筑十五讲,北京大学十五讲系列
中国传统文化十五讲（名家通识讲座书系）,北京大学十五讲系列
美育十五讲,北京大学十五讲系列
中国美学十五讲,北京大学十五讲系列
中国哲学十五讲,北京大学十五讲系列
宋明理学十五讲,北京大学十五讲系列
《周易》经传十五讲,北京大学十五讲系列
红楼梦十五讲,北京大学十五讲系列
鲁迅作品十五讲,北京大学十五讲系列
唐诗宋词十五讲（第2版）（名家通识讲座书系）,北京大学十五讲系列
通俗文学十五讲,北京大学十五讲系列
中国古代诗学十五讲 (名家通识讲座书系),北京大学十五讲系列
中国文学十五讲（第二版）,北京大学十五讲系列
口才训练十五讲,北京大学十五讲系列
审美阅读十五讲（名家通识讲座书系）,北京大学十五讲系列
汉语和汉语研究十五讲,北京大学十五讲系列
俄罗斯文化十五讲,北京大学十五讲系列
科学史十五讲,北京大学十五讲系列
美国历史十五讲,北京大学十五讲系列
名家通识讲座书系:美国文化与社会十五讲(第2版),北京大学十五讲系列
欧洲文明十五讲（典藏版）,北京大学十五讲系列
人类生物学十五讲,北京大学十五讲系列
世界现代化进程十五讲,北京大学十五讲系列
政治学十五讲,北京大学十五讲系列
中国现当代文学名篇十五讲（第二版）（名家通识讲座书系）,北京大学十五讲系列
口才训练十五讲,北京大学十五讲系列
审美阅读十五讲（名家通识讲座书系）,北京大学十五讲系列
汉语和汉语研究十五讲,北京大学十五讲系列
俄罗斯文化十五讲,北京大学十五讲系列
科学史十五讲,北京大学十五讲系列
美国历史十五讲,北京大学十五讲系列
名家通识讲座书系:美国文化与社会十五讲(第2版),北京大学十五讲系列
欧洲文明十五讲（典藏版）,北京大学十五讲系列
人类生物学十五讲,北京大学十五讲系列
政治学十五讲,北京大学十五讲系列
西方文学十五讲（修订版）,北京大学十五讲系列
美学十五讲,北京大学十五讲系列
音乐欣赏十五讲（第三版）,北京大学十五讲系列
西方美术史十五讲,北京大学十五讲系列
艺术设计十五讲,北京大学十五讲系列
现当代建筑十五讲,北京大学十五讲系列
西方哲学十五讲,北京大学十五讲系列
宗教学基础十五讲,北京大学十五讲系列
名家通识讲座书系:文化哲学十五讲(第2版),北京大学十五讲系列
逻辑学十五讲（第二版）,北京大学十五讲系列
现代性与后现代性十五讲,北京大学十五讲系列
哲学修养十五讲,北京大学十五讲系列
科技哲学十五讲,北京大学十五讲系列
美学十五讲,北京大学十五讲系列
音乐欣赏十五讲（第三版）,北京大学十五讲系列
西方美术史十五讲,北京大学十五讲系列
艺术设计十五讲,北京大学十五讲系列
现当代建筑十五讲,北京大学十五讲系列
西方哲学十五讲,北京大学十五讲系列
宗教学基础十五讲,北京大学十五讲系列
名家通识讲座书系:文化哲学十五讲(第2版),北京大学十五讲系列
逻辑学十五讲（第二版）,北京大学十五讲系列
哲学修养十五讲,北京大学十五讲系列
科技哲学十五讲,北京大学十五讲系列
青年心理健康十五讲 (名家通识讲座书系),北京大学十五讲系列
心理学十五讲,北京大学十五讲系列
性健康十五讲,北京大学十五讲系列
牛津通识读本：资本主义（中文版）,牛津通识读本
牛津通识读本：三千年文学长河（六万字清晰鸟瞰）,牛津通识读本
牛津通识读本：政治哲学与幸福根基（中文版）,牛津通识读本
牛津通识读本：政治的历史与边界（中文版）,牛津通识读本
牛津通识读本：哲学的思与惑（中文版）,牛津通识读本
牛津通识读本：犹太人与犹太教（中文版）,牛津通识读本
牛津通识读本：印度哲学祛魅（中文版）,牛津通识读本
牛津通识读本：医学伦理（中文版）,牛津通识读本
牛津通识读本：亚里士多德的世界（中文版）,牛津通识读本
牛津通识读本：选择理论（中文版）,牛津通识读本
牛津通识读本：性存在（中文版）,牛津通识读本
牛津通识读本：现代日本（中文版）,牛津通识读本
牛津通识读本：西方艺术新论（中文版）,牛津通识读本
牛津通识读本：我们时代的伦理学（中文版）,牛津通识读本
牛津通识读本：文学理论入门（中文版）,牛津通识读本
牛津通识读本：维特根斯坦与哲学（中文版）,牛津通识读本
牛津通识读本：天文学简史（中文版）,牛津通识读本
牛津通识读本：数学（中文版）,牛津通识读本
牛津通识读本：叔本华（中文版）,牛津通识读本
牛津通识读本：生活中的心理学（中文版）,牛津通识读本
牛津通识读本：社会学的意识（中文版）,牛津通识读本
牛津通识读本：无处不在（中文版）,牛津通识读本
牛津通识读本：人生的意义（中文版）,牛津通识读本
牛津通识读本：全球经济史（中文版）,牛津通识读本
牛津通识读本：全球化面面观（中文版）,牛津通识读本
牛津通识读本：牛顿新传（中文版）,牛津通识读本
牛津通识读本：尼采（中文版）,牛津通识读本
牛津通识读本：美国总统制（中文版）,牛津通识读本
牛津通识读本：马基雅维里（中文版）,牛津通识读本
牛津通识读本：罗兰·巴特（中文版）,牛津通识读本
牛津通识读本：量子理论（中文版）,牛津通识读本
牛津通识读本：历史之源（中文版）,牛津通识读本
牛津通识读本：克尔凯郭尔（中文版）,牛津通识读本
牛津通识读本：科学哲学（中文版）,牛津通识读本
牛津通识读本：科学革命（中文版）,牛津通识读本
牛津通识读本：考古学的过去与未来（中文版）,牛津通识读本
牛津通识读本：康德（中文版）,牛津通识读本
牛津通识读本：卡夫卡是谁（中文版）,牛津通识读本
牛津通识读本：进化（中文版）,牛津通识读本
牛津通识读本：简明逻辑学（中文版）,牛津通识读本
牛津通识读本：记忆（中文版）,牛津通识读本
牛津通识读本：基督教神学（中文版）,牛津通识读本
牛津通识读本：后殖民主义与世界格局（中文版）,牛津通识读本
牛津通识读本：黑格尔（中文版）,牛津通识读本
牛津通识读本：海德格尔（中文版）,牛津通识读本
牛津通识读本：哈贝马斯（中文版）,牛津通识读本
牛津通识读本：国际移民（中文版）,牛津通识读本
牛津通识读本：牛津通识读本（广告）,牛津通识读本
牛津通识读本：古典哲学的趣味（中文版）,牛津通识读本
牛津通识读本：福柯（中文版）,牛津通识读本
牛津通识读本：佛学概论（中文版）,牛津通识读本
牛津通识读本：价值与事实（中文版）,牛津通识读本
牛津通识读本：法律（一读就懂的普法著作）,牛津通识读本
牛津通识读本：地球（中文版）,牛津通识读本
牛津通识读本：笛卡尔（中文版）,牛津通识读本
牛津通识读本：大众经济学（中文版）,牛津通识读本
牛津通识读本：达达和超现实主义（中文版）,牛津通识读本
牛津通识读本：缤纷的语言学（中文版）,牛津通识读本
